max_iterations,min_tabu_size,max_tabu_size,num_cities,coordinates,execution_time,memory_used,best_route,best_distance
10000,10,30,50,"[(60, 87), (13, 53), (66, 5), (38, 39), (79, 33), (38, 95), (73, 40), (39, 18), (51, 39), (90, 57), (42, 88), (76, 24), (55, 72), (19, 65), (81, 10), (64, 51), (33, 73), (94, 3), (27, 82), (59, 60), (31, 24), (90, 89), (15, 17), (71, 43), (8, 77), (46, 23), (20, 53), (61, 98), (2, 47), (16, 79), (74, 21), (85, 67), (33, 11), (40, 14), (56, 30), (67, 26), (98, 37), (9, 49), (28, 97), (49, 54), (70, 11), (24, 40), (87, 72), (63, 15), (45, 88), (33, 49), (13, 84), (98, 67), (52, 35), (80, 81)]",267.9097893238068,74.8984375,"[14, 40, 2, 43, 25, 7, 33, 32, 22, 20, 41, 28, 37, 1, 26, 45, 3, 8, 48, 34, 35, 30, 11, 4, 6, 23, 15, 39, 19, 12, 16, 13, 24, 46, 29, 18, 38, 5, 10, 44, 0, 27, 21, 49, 42, 31, 47, 9, 36, 17]",608.4601241032083
10000,100,500,50,"[(60, 87), (13, 53), (66, 5), (38, 39), (79, 33), (38, 95), (73, 40), (39, 18), (51, 39), (90, 57), (42, 88), (76, 24), (55, 72), (19, 65), (81, 10), (64, 51), (33, 73), (94, 3), (27, 82), (59, 60), (31, 24), (90, 89), (15, 17), (71, 43), (8, 77), (46, 23), (20, 53), (61, 98), (2, 47), (16, 79), (74, 21), (85, 67), (33, 11), (40, 14), (56, 30), (67, 26), (98, 37), (9, 49), (28, 97), (49, 54), (70, 11), (24, 40), (87, 72), (63, 15), (45, 88), (33, 49), (13, 84), (98, 67), (52, 35), (80, 81)]",415.0875434875488,75.85546875,"[14, 40, 2, 43, 25, 7, 33, 32, 22, 20, 41, 28, 37, 1, 26, 45, 3, 8, 48, 34, 35, 30, 11, 4, 6, 23, 15, 39, 19, 12, 16, 13, 24, 46, 29, 18, 38, 5, 10, 44, 0, 27, 21, 49, 42, 31, 47, 9, 36, 17]",608.4601241032083
50000,10,2000,50,"[(60, 87), (13, 53), (66, 5), (38, 39), (79, 33), (38, 95), (73, 40), (39, 18), (51, 39), (90, 57), (42, 88), (76, 24), (55, 72), (19, 65), (81, 10), (64, 51), (33, 73), (94, 3), (27, 82), (59, 60), (31, 24), (90, 89), (15, 17), (71, 43), (8, 77), (46, 23), (20, 53), (61, 98), (2, 47), (16, 79), (74, 21), (85, 67), (33, 11), (40, 14), (56, 30), (67, 26), (98, 37), (9, 49), (28, 97), (49, 54), (70, 11), (24, 40), (87, 72), (63, 15), (45, 88), (33, 49), (13, 84), (98, 67), (52, 35), (80, 81)]",3773.181118249893,68.90625,"[36, 9, 47, 31, 42, 49, 21, 27, 0, 44, 10, 5, 38, 18, 16, 29, 46, 24, 13, 26, 1, 37, 28, 41, 45, 39, 12, 19, 15, 23, 6, 4, 11, 30, 35, 34, 48, 8, 3, 20, 22, 32, 33, 7, 25, 43, 2, 40, 14, 17]",605.9053398041447
